{
  "strategy": "hard_sharing",
  "description": "One backbone, three heads, fixed equal loss weights (1/3 each)",
  "metrics": {
    "sentiment": {
      "accuracy": 0.6988765874308043,
      "f1_macro": 0.699796234929951
    },
    "emotion": {
      "accuracy": 0.9285,
      "f1_macro": 0.8839399073868787
    },
    "toxicity": {
      "accuracy": 0.5242424242424243,
      "f1_macro": 0.4781121898181754
    }
  },
  "latency_ms": {
    "mean_ms": 8.85654100246029,
    "p99_ms": 12.5721600218094
  },
  "param_info": {
    "total_params": 124945163,
    "trainable_params": 124945163,
    "total_M": 124.95
  },
  "training_duration_s": 3206.0,
  "run_id": "d58b475e84dc4dd39def6acdc18fff00"
}